,cluster,units,lanes,n_rams,line_size,associativity,ram_size,total_energy,average_power,total_time,avg_bw_Gb,avg_bw_GB,avg_bw_idle_Gb,avg_bw_idle_GB,max_bw_Gb,max_bw_GB,simulation_time
0,1,8,2,8,4096,4,524288,75.2698665435,353.54,212.90609296,0.1,0.01,53.95,6.74,119.4,14.93,944.449
1,2,8,2,8,4096,4,524288,75.2698665435,353.54,212.90609296,0.1,0.01,53.95,6.74,119.4,14.93,1038.95
2,4,8,2,8,4096,4,524288,75.2698665435,353.54,212.90609296,0.1,0.01,53.95,6.74,119.4,14.93,1363.177
3,8,8,2,8,4096,4,524288,75.2698665435,353.54,212.90609296,0.1,0.01,53.95,6.74,119.4,14.93,1316.8
4,16,8,2,8,4096,4,524288,75.2698665435,353.54,212.90609296,0.1,0.01,53.95,6.74,119.4,14.93,1395.4009999999998
